tenure_meses,tarifa_mensual,horas_uso_semana,dispositivos_vinculados,tickets_soporte_90d,autopago,recibio_promo,region,churn
19,119.77888877148581,12.279109944015099,2,1,1,1,Occidente,0
11,166.09130495799567,3.8427394569606053,3,1,0,0,Norte,0
11,116.33478690891492,4.453979580789578,5,1,1,0,Centro,0
11,195.6019587291361,5.0094826854960575,1,1,1,0,Centro,0
37,171.88539135270761,4.577774196591879,1,0,1,0,Sur,0
22,117.98569751872743,7.648122486431106,3,1,1,1,Centro,0
9,158.17768230325478,4.753294226430799,4,2,0,0,Occidente,0
19,142.6745258043296,2.9349190893587584,3,2,1,0,Norte,0
15,180.1711078646713,6.50562981817427,3,0,0,1,Centro,0
1,215.91576561081007,3.1750910759043576,4,2,1,1,Sur,0
5,103.36896356239895,4.976654185780008,4,1,0,1,Norte,0
16,173.0259127701596,8.34559860955827,5,2,1,0,Sur,0
34,163.3953521551676,8.641084663767476,2,1,1,0,Norte,0
11,192.49690267576628,2.709761948984777,2,0,0,0,Norte,0
8,176.4618819883191,6.259053024520085,4,2,1,0,Norte,0
14,142.68107338914135,3.2237506329609418,1,2,1,1,Occidente,0
8,157.83311225166835,6.081686416833571,3,2,1,0,Centro,0
10,141.13909501187788,3.893778150603364,1,5,0,1,Sur,0
13,206.66024985095095,21.313864705000682,4,2,0,0,Centro,0
5,169.745907703518,11.816647205231366,4,0,0,1,Centro,0
23,235.54167400135526,8.914003521214136,3,2,0,0,Centro,0
4,166.87687151648828,5.327731189750325,5,3,1,1,Occidente,0
3,144.2057631581338,12.052709426027738,2,1,1,0,Sur,0
15,116.01999625855105,6.399696367866202,3,0,1,0,Sur,0
22,105.89011133104192,19.906483372664667,1,1,1,1,Norte,0
15,113.55524199480786,12.885776340240701,2,3,1,0,Centro,0
12,178.34943278540192,4.947486132829738,4,0,1,0,Centro,0
10,186.80537581304768,18.432300626303878,3,0,0,1,Occidente,0
9,113.65832542887533,5.3495083272696276,2,1,1,0,Centro,0
27,200.32634099266403,22.126157716957145,2,0,1,0,Centro,0
16,152.09286319107963,19.081360265646246,5,1,1,0,Centro,0
9,174.13775541949423,8.312754864097652,3,1,0,1,Norte,0
7,225.42772198893985,1.5013645596112652,6,0,0,0,Norte,0
20,200.3893760552936,7.849915359694998,1,0,0,0,Occidente,0
27,159.60142732329587,2.454033149707022,1,1,1,0,Centro,0
25,137.80827211046494,3.9945194441817273,2,3,1,0,Occidente,0
6,93.68646095347432,4.252204853324803,1,1,0,0,Sur,0
10,143.8296338265153,2.4340351871284853,1,2,1,0,Centro,0
8,161.6104416410307,7.871620015617959,4,1,1,0,Centro,0
11,134.44871654970856,3.604097740753861,3,0,1,0,Norte,0
23,164.40600615176933,5.5456922905383905,4,0,1,0,Occidente,0
32,171.68981590355688,4.282537261467138,3,1,0,0,Centro,0
17,161.13004063671724,9.49057807316245,2,0,1,0,Centro,0
7,146.2499096711789,9.007147683664678,1,1,0,0,Centro,0
12,174.90291351883548,5.2001319546912885,5,1,1,0,Centro,0
36,184.46792273492932,9.827378786237398,2,0,1,0,Centro,0
14,130.8360322895004,15.239965480236444,2,1,1,0,Centro,0
10,218.38263329111945,0.6537088381989792,3,1,1,0,Sur,0
11,165.54941537005084,4.080488399856552,1,1,1,0,Sur,0
17,169.65973680306968,2.9057058677428085,2,2,1,0,Centro,0
6,193.7875048139795,3.7786685159138798,1,1,1,0,Centro,0
8,177.16256459422257,0.5013344794777317,2,1,0,0,Occidente,0
25,202.35978218696357,0.6174257516753335,4,1,1,1,Norte,0
17,179.04934578206385,4.404723626277751,2,2,1,0,Occidente,0
14,147.56469188758467,4.301659391811958,1,2,1,0,Norte,0
26,181.65262338221356,16.713071902456228,2,0,1,0,Sur,0
7,128.96958274377684,7.423043621254486,6,3,1,0,Centro,0
10,172.7995897021783,9.650871850188524,4,0,1,0,Centro,0
16,167.83695032744387,35.0,3,1,1,0,Occidente,0
16,161.71590999546112,20.12778823672599,3,0,1,1,Norte,0
3,164.50118709963743,6.434393443588901,1,0,0,0,Centro,0
9,103.13528340758263,4.707126440953167,2,1,1,0,Centro,0
11,149.79462822906635,4.135775014130665,1,0,1,0,Sur,0
17,172.249571539939,8.517116031830376,1,1,1,0,Norte,0
16,174.594973719909,4.740132091855908,3,0,1,0,Sur,0
12,133.03137006759147,2.368145756875619,3,0,1,0,Centro,0
1,213.2997744302645,4.26671418003205,3,1,1,0,Norte,0
13,138.68388031249248,8.694317167057065,1,0,1,0,Sur,0
13,202.93100201843578,10.870141106114986,3,2,0,1,Norte,0
48,183.95180266550898,21.494262571662468,2,1,1,0,Centro,0
11,146.3820441554669,7.18601648300666,3,1,1,1,Norte,0
16,231.1358812413329,15.8472873328428,3,0,0,0,Centro,0
28,127.2227108885232,5.710949930949728,2,1,1,0,Sur,0
22,201.17039607635004,6.340663493005423,3,2,1,1,Centro,0
33,204.02038113150425,6.084294538970192,4,1,1,0,Centro,0
3,145.52829268231744,7.838045698832081,3,0,0,1,Centro,0
5,217.73628550225152,12.23754776541295,1,2,0,0,Norte,0
8,160.24837198903666,4.580111006613452,5,4,1,0,Centro,0
2,179.104277024795,3.048287191950637,2,2,0,0,Occidente,0
14,178.11126435699273,12.916660619515932,1,0,1,0,Occidente,0
5,164.29919404853084,12.290983328995422,1,4,0,1,Norte,0
36,197.37828956059238,17.529696376514718,1,0,1,1,Norte,0
6,196.77210521932744,4.008830539913028,4,0,0,0,Occidente,0
10,107.80138093666368,5.550151266524334,2,0,0,0,Centro,0
23,214.65190850073535,13.250716817176123,2,3,1,0,Centro,0
4,110.8127804187514,4.536202461489382,4,0,0,0,Sur,0
2,205.139117151958,10.551192656086691,1,0,1,0,Centro,0
15,208.4346797889654,5.730508061156118,1,0,1,0,Centro,0
16,130.81617494246805,8.484012377634308,2,1,1,0,Occidente,0
23,154.62149992158953,2.3227953909329933,2,0,1,0,Sur,0
19,130.30033660299225,7.1164382357760605,2,1,0,1,Norte,0
16,161.47776393989426,15.034909286154637,3,1,0,1,Norte,0
7,158.21880005349905,11.540913244969236,1,1,1,1,Norte,0
15,196.2881186294269,2.8690210396204248,1,1,1,1,Sur,0
16,214.86080611418632,20.37328853287123,4,2,1,0,Centro,0
7,217.84893337764848,14.418557330903788,1,2,1,0,Norte,0
43,149.32411906975943,2.4302630013742084,2,0,1,0,Occidente,0
18,161.67723441894154,4.291141695576112,1,1,0,1,Norte,0
5,110.07966327226674,2.56369732249414,3,0,1,1,Norte,0
23,140.7945476726334,8.657700688066454,2,1,1,0,Norte,0
25,202.76980715841103,4.133827957350731,3,0,1,1,Norte,0
18,225.5453988241881,0.8650160209501789,2,2,1,0,Centro,0
10,125.79778948420272,6.318485718316145,1,2,0,0,Occidente,0
6,148.2637509296487,12.567231370923887,4,1,0,0,Occidente,0
12,168.07579850643756,7.227824440631173,3,3,1,0,Centro,0
17,178.80564055868624,9.885429890260776,1,2,1,0,Centro,0
13,140.66387680274238,7.75263102134607,1,2,1,0,Centro,0
34,183.84213655624313,11.209732958959975,4,2,0,0,Norte,0
20,152.41562285251794,8.271539691868961,2,1,0,0,Norte,0
6,168.49417051926022,6.052865070010132,3,2,1,0,Occidente,0
5,188.11994868012948,7.160557485042311,1,1,1,0,Norte,0
18,169.22477944338283,17.963362881308434,3,1,1,0,Norte,0
11,153.7264938315701,10.28443815519428,3,1,1,0,Centro,0
22,165.16365686259593,2.860193825747614,7,0,1,0,Centro,0
18,165.90729642781326,7.07483202792116,4,0,1,1,Norte,0
12,156.04961395412553,8.545527287206513,2,0,1,0,Norte,0
6,159.94213780665143,5.896623402719161,1,2,1,0,Centro,0
3,224.95265096766508,0.8709155941315715,1,3,0,1,Sur,0
15,188.63218067794335,3.1375853443729462,4,1,0,1,Norte,0
4,158.65818886897938,4.750790062906623,1,2,1,1,Centro,0
6,193.39340415787575,21.937698903600253,4,1,1,0,Centro,0
14,157.31631785853966,9.504698134369269,2,2,0,0,Occidente,0
13,210.05936231553244,1.443515217761579,3,1,0,0,Centro,0
4,181.93747672693328,6.194727570361074,3,3,1,0,Norte,0
27,165.24442495985198,16.124125483899746,2,0,0,1,Centro,0
27,184.67009240335972,4.08428074649237,4,0,1,0,Sur,0
19,114.01933467760253,13.594953979183394,5,0,0,0,Norte,0
19,129.56313858815682,1.496202755815788,5,1,0,0,Centro,1
19,127.21262477603307,0.5,1,2,1,0,Norte,0
25,174.00300831672973,14.984055916888876,3,0,0,0,Norte,0
21,229.63802498197822,4.549534594560584,3,0,1,0,Centro,0
6,247.09550511674212,4.8548885417289425,3,1,0,1,Centro,0
11,191.3317885504265,7.699152134497471,3,0,0,1,Sur,0
48,186.52955662305598,9.265888131571428,4,2,0,0,Sur,0
1,105.96297930465414,0.5,3,1,0,0,Centro,0
9,150.00641700930925,3.8124781318835974,1,2,0,0,Centro,0
28,141.42756868321163,6.975922277779047,2,1,1,0,Centro,0
7,147.27033406121095,9.2508069179018,1,0,1,1,Norte,0
21,163.11496634953235,2.8285450212418444,1,1,0,0,Occidente,0
13,152.47682978060055,5.655636109500867,3,1,1,0,Occidente,0
7,99.72450663684742,4.073369090658544,2,1,1,0,Norte,0
1,195.17685896411368,7.892839383504117,2,1,1,0,Norte,0
15,131.45399409910678,14.62206177810525,4,0,1,0,Norte,0
6,177.37364024389024,5.076648076633415,4,3,1,0,Sur,0
12,241.59289344124906,1.7958672378481833,1,0,0,0,Sur,0
19,136.82153929447517,3.633229299868814,6,2,1,0,Sur,0
24,80.43993670387846,20.23845068722313,1,1,1,0,Sur,0
9,158.98985223419612,3.148887317791611,2,5,1,1,Centro,0
7,207.53358722495,2.186313584532485,3,1,1,0,Sur,0
4,237.54216089772078,4.825022257895824,5,1,1,0,Sur,0
25,125.96576419416542,6.19595368079413,1,1,1,0,Centro,0
48,186.38447281327825,4.289777488911687,6,2,1,0,Centro,0
27,152.71413401269814,1.505520578075194,2,1,1,1,Sur,0
31,165.29180759935525,8.469079866195312,3,1,1,1,Centro,0
7,261.5520171455962,7.898895869922127,1,1,0,0,Sur,0
18,116.39603850616963,10.92183745233792,4,0,0,0,Sur,0
23,177.88088815231006,7.767021152118569,4,1,1,0,Sur,0
5,185.36926101179017,19.14282425189108,2,1,1,0,Sur,0
38,207.00252137287714,11.52415599238263,3,1,0,0,Centro,0
3,172.42941037148134,9.94976856031413,1,1,1,1,Sur,0
34,179.78176888264358,14.986447606629987,3,1,1,0,Centro,0
3,155.29230014023733,7.418067097676002,4,2,1,0,Norte,0
5,178.41944294357876,5.752278257168537,2,0,0,0,Norte,0
18,156.98827035759064,8.39904565935473,2,0,0,0,Centro,0
14,190.7550161449618,0.8146136051790935,5,0,1,0,Centro,0
9,156.0636382384728,7.435981300012348,5,0,1,0,Occidente,0
37,182.1985137865765,6.190683845146461,1,0,1,0,Centro,0
4,167.97580152102574,9.07676492549567,1,1,1,0,Centro,0
11,208.41175877702588,13.622757162785726,1,1,1,0,Norte,0
20,167.20121967440298,10.156911499594031,4,2,0,1,Norte,0
16,106.94386361275915,3.64201676634474,4,0,1,0,Sur,0
7,213.16725252498972,12.132569278553005,3,0,1,0,Norte,0
8,137.29936946980834,19.327273370883155,1,0,1,0,Sur,0
24,146.1181781472913,13.864372461582354,2,1,1,0,Sur,0
24,148.15185470847777,1.9703849381783287,3,0,1,0,Centro,0
16,217.1053332609786,10.080838732200299,1,0,1,0,Occidente,0
6,94.25140251074563,2.286947951680848,8,2,1,1,Centro,0
8,278.8211986780998,5.308829094333541,1,1,1,1,Centro,0
13,205.9619883173118,8.883837275849995,3,0,1,0,Occidente,0
14,176.8133619945206,8.051414376031472,3,1,0,0,Occidente,0
19,167.07870997842997,13.68090238305914,3,1,0,0,Norte,0
11,178.994392620018,19.38956111095692,3,1,0,0,Norte,0
23,187.23928499327684,9.538566325464211,1,1,0,0,Norte,0
23,191.582545508252,4.983457712188523,2,1,1,0,Centro,0
31,188.4461563101207,0.8688584099614838,1,1,0,0,Occidente,0
13,172.13532384393372,16.054494558887225,1,0,0,1,Centro,0
16,162.09315528924358,6.216398915792396,1,0,0,0,Centro,0
12,163.7054350721271,6.47452867560136,4,3,1,1,Occidente,0
6,162.17821018765616,6.882356490231751,4,2,1,0,Centro,0
48,208.68195339034725,9.22596443627418,4,1,0,0,Centro,0
29,189.77448527983017,9.422746093672991,2,3,0,0,Occidente,0
23,80.0,5.377882982743122,1,0,0,0,Sur,0
13,191.95652717854162,6.167927142528035,1,2,1,0,Sur,0
6,175.81576681515713,4.013099524563784,6,0,0,0,Centro,0
26,168.34519352439358,3.639486671420301,1,0,1,0,Sur,0
11,155.401854141889,3.623821613112321,3,1,1,1,Norte,0
18,208.34394519951047,6.1113667317128275,4,1,0,0,Centro,0
8,202.1634261743,3.0256588949900904,1,1,1,0,Occidente,0
16,141.94928162617367,0.5,2,0,0,0,Centro,0
8,183.24683004935872,4.912373062138142,2,1,1,0,Sur,0
9,134.992014291055,2.1008205056579037,1,0,0,0,Centro,0
15,120.71336423238743,7.247760158875535,3,0,1,0,Norte,0
3,147.06489713935122,3.9995565889267843,3,0,1,0,Sur,0
3,199.18377153339657,9.308951403074602,2,2,1,1,Norte,0
7,202.35937658816303,2.30577910820993,3,2,0,0,Sur,0
11,186.95798970340525,1.0951882724730735,2,2,0,0,Norte,0
24,194.3783525396799,6.180048838821424,1,0,1,0,Occidente,0
11,187.06624004902355,4.7410679387154,1,0,1,1,Centro,0
13,146.54814416719668,1.9159257101466474,3,0,1,1,Norte,0
10,184.11728906358792,11.530646195969323,4,2,0,0,Norte,0
16,197.01433338296889,2.714972174666199,3,3,0,0,Occidente,0
6,195.40019654347512,3.4871007843351807,2,1,1,0,Sur,0
12,210.6119680016125,13.077935162891775,3,0,0,1,Sur,0
17,193.79063465203723,9.699587013611358,1,0,0,0,Centro,0
15,181.3006872639554,2.4371834993220367,3,2,0,0,Centro,0
13,206.45525834107497,5.1002201934563205,4,2,1,1,Norte,0
13,168.0717559262829,2.199505088727131,1,0,1,0,Centro,0
19,138.13438720702987,12.428540391923827,4,2,1,1,Norte,0
48,163.29265626196826,12.422723045179179,1,2,1,0,Occidente,0
6,142.92840743177427,21.280968662286966,1,0,1,0,Sur,0
48,145.36876037589664,26.753388595888374,1,0,1,0,Centro,0
6,163.94184652495687,3.9587819764325234,2,1,0,0,Norte,0
1,141.26530276500137,11.06591822834697,4,2,1,0,Sur,0
8,158.2213464626336,0.9041111599215435,5,3,1,0,Norte,0
17,102.7234866566175,7.669357655851731,3,3,0,0,Norte,0
43,176.46527975805284,9.113829210876146,2,1,1,0,Norte,0
6,169.04219163767786,2.859025099218002,5,0,0,0,Centro,0
19,140.40189791261332,3.7461689252980452,5,2,1,0,Sur,0
3,192.07359839513418,12.481029445513242,2,2,0,0,Centro,0
42,201.81495481692954,9.278799290588971,2,1,0,0,Norte,0
29,112.73540474708591,19.51416330295813,1,1,0,0,Centro,0
9,142.3046327501825,18.03189082300791,2,3,1,0,Sur,0
32,142.08001775744458,1.2493750951557274,4,0,1,1,Norte,0
12,136.10339146118974,4.308602827420849,2,1,1,1,Norte,0
30,198.0316194676112,2.5812605491075997,2,0,1,0,Occidente,0
13,162.21608514295187,11.393298273796907,1,1,1,1,Occidente,0
13,159.74198055412862,8.241925217110403,2,0,0,1,Occidente,0
9,98.86481724576363,2.7558716231287947,2,1,1,1,Sur,0
20,191.23963105732292,3.1800622405678487,3,2,0,0,Norte,1
14,125.62595618012845,15.42566020392403,1,2,0,0,Norte,0
19,171.0976420593215,4.7330799159991015,2,0,1,0,Centro,0
2,178.7081928285367,0.723263106581805,1,2,0,0,Centro,1
31,216.62305085435278,2.524858958286544,4,3,0,0,Occidente,0
36,123.19128603083108,22.20993833676799,4,0,1,0,Sur,0
14,80.0,13.339679673006371,3,1,1,0,Sur,0
47,175.43473406637932,2.0592590153942947,6,4,1,0,Norte,0
40,232.01789135287987,7.666721249620198,4,1,1,0,Occidente,0
21,212.3631223528803,12.777636795142786,1,3,1,0,Sur,0
33,176.3380795346119,1.2292314251161482,1,2,1,1,Norte,0
27,151.79273350287835,13.764642631829522,1,2,0,0,Occidente,0
2,197.24929088230587,9.215099010587098,3,2,0,0,Centro,0
10,134.9258830103436,3.5521318141219935,1,1,1,0,Norte,0
22,185.67252192746767,10.292225183338736,3,0,0,0,Sur,1
38,186.69145557083195,8.327923337234283,2,1,1,0,Sur,0
3,206.1073467624608,8.750941052573364,2,4,1,1,Norte,0
2,265.5881013618877,7.461010463924477,2,1,0,0,Centro,0
12,182.73455885125685,3.073403700433361,1,2,0,0,Occidente,0
1,151.18627310023754,3.6236603068363724,4,1,0,1,Sur,0
12,168.1048990732802,5.511115901873183,3,2,0,0,Sur,1
17,107.08234332888087,6.90705667412888,1,2,0,0,Norte,0
5,144.68504041188297,10.727047724697616,1,0,1,0,Norte,0
12,154.67511466604137,22.554953086164552,4,1,1,0,Centro,0
25,150.65690607228927,7.934693948058149,1,0,1,0,Norte,0
8,174.33242052118027,10.593396005019155,1,4,0,0,Norte,0
6,140.21530236662298,12.332652758327354,5,0,1,0,Norte,0
12,208.2360733563565,11.127010322756437,2,1,1,1,Centro,0
5,169.0072472721369,2.966181421491554,1,1,1,0,Centro,0
45,168.67448876014808,16.401545989362994,4,0,1,1,Sur,0
13,157.52368492204786,14.719253701778582,3,1,1,0,Norte,0
7,174.43167393506428,7.384496144797699,7,0,1,0,Centro,0
15,197.8784392633672,3.133468916083854,2,1,1,0,Norte,0
12,138.6504424501185,6.8229541860240435,3,0,0,0,Centro,0
11,145.96592288236602,1.4172549382265822,1,1,1,0,Norte,0
8,158.36958899281674,17.83394155081259,1,1,0,0,Occidente,0
8,121.89451767843748,3.9220768886818025,4,1,1,1,Sur,0
3,140.32597490974757,5.2871198104203945,2,1,1,0,Centro,0
33,152.33226942593694,17.00246427826166,1,3,0,0,Norte,0
20,199.60362132494546,15.674026235131882,1,0,0,1,Centro,0
16,178.18964651506738,8.568991045327488,2,1,0,0,Sur,0
12,175.77564689786405,19.61121020785791,4,3,0,0,Norte,1
5,198.78142867587903,2.8790691095627374,5,3,0,0,Centro,0
6,164.19198740602113,8.572223255416414,2,0,0,0,Sur,0
3,182.66626974751114,2.901494913415494,2,1,0,0,Sur,1
7,165.38723864736264,14.120108998298848,3,2,0,0,Sur,0
4,178.287682228987,13.786779974451514,4,1,1,0,Occidente,1
39,148.60344698359464,20.524001278186034,1,0,0,0,Occidente,0
24,83.64139946032498,6.665046999448382,2,0,0,0,Centro,0
14,164.30022932347936,24.28279393252122,2,1,1,1,Centro,0
6,218.7961847634979,2.6795420089439532,4,0,1,1,Sur,0
5,201.41753907845572,6.392159559250313,2,1,1,0,Sur,0
11,202.78891196069097,2.7718632455702132,2,1,0,0,Occidente,0
25,212.26457526321764,7.731641023702651,2,0,1,1,Norte,0
3,172.1030156836503,3.00306801843575,2,0,1,0,Centro,0
20,175.90604975919587,14.146151511731059,3,1,1,0,Centro,0
7,147.38218365979773,9.433779757643018,1,3,1,0,Centro,0
8,157.93745003905326,2.467688589664377,3,0,1,1,Norte,0
13,190.55199024198996,11.973132443048177,2,4,1,0,Sur,0
6,211.13595530090856,18.70781553386466,2,0,1,1,Norte,0
11,164.119380351165,10.092278527303531,4,0,1,0,Sur,0
5,153.2433757302006,1.808496125954775,1,0,1,0,Sur,0
8,169.0184785599809,5.926602229862203,4,1,1,0,Centro,0
22,190.04223621251901,11.017967778016363,2,2,0,0,Centro,0
14,118.46508143532604,5.490351405741646,2,2,1,1,Sur,0
22,88.63366664019667,2.6470226567361927,1,0,0,1,Sur,0
7,149.73121026779458,15.249108396932716,2,1,1,0,Occidente,0
20,126.27506509300444,5.303304180055196,3,0,1,1,Occidente,0
2,151.2150930823441,18.71545090836108,2,1,0,1,Occidente,0
13,163.8276888413885,4.328132770222576,1,1,1,0,Centro,0
21,153.13630568419453,5.056636972009318,1,2,0,0,Occidente,0
2,219.83636370647608,4.046359067694501,4,0,1,0,Sur,0
7,180.4360667610812,5.847406659025517,2,0,0,0,Occidente,0
13,179.51660258637898,9.32356421599967,1,1,1,0,Norte,0
26,190.77725004151907,2.7792985206829934,4,2,1,0,Occidente,0
8,129.14084087767307,2.308401537995804,1,2,1,0,Centro,0
19,205.3689125597094,1.1981388385328924,2,1,1,1,Sur,0
34,166.3482499712589,1.031317180509099,3,2,0,1,Norte,0
20,192.46682160344244,1.8310442499325816,3,1,1,0,Centro,0
11,131.48499684359456,4.303079248754475,2,0,0,0,Centro,0
17,114.61844318943776,7.627335537005188,2,2,0,0,Centro,0
8,197.626138030876,8.955961646961448,3,1,0,0,Norte,0
14,182.17433341341308,7.366646853822386,4,3,1,0,Sur,0
11,137.42819559748713,17.316662265040403,5,1,1,0,Norte,0
17,138.5617921553857,21.030913884186187,2,1,0,0,Centro,0
9,208.39021745451694,5.323610054447902,2,2,0,0,Norte,1
17,127.37058374964353,2.8232846430673897,1,0,0,0,Centro,0
9,226.4935533639587,25.261531890692744,3,0,1,0,Centro,0
24,137.47827428732458,14.898155875390303,2,2,1,1,Centro,0
10,191.3437173962934,14.163409647589681,3,2,0,1,Centro,0
1,157.49835334878554,4.157921373353274,3,3,1,0,Sur,0
5,190.111560087882,12.179433588732488,1,0,0,0,Norte,0
13,149.95600992600325,7.410863793727995,2,1,1,0,Norte,0
39,163.3022482874697,6.291921970668141,1,0,1,0,Norte,0
23,170.43217113885024,6.283515164955914,4,1,1,0,Occidente,0
1,133.92343904764846,9.633176418986556,1,1,1,0,Centro,0
3,194.9288520897044,17.691950600353127,3,4,1,1,Centro,0
28,151.03752517349452,26.620567567645345,2,2,0,0,Norte,0
20,160.99900296309934,4.788827836827925,1,0,0,1,Centro,0
48,134.19777188870208,7.727938013781337,2,0,1,0,Norte,0
9,80.0,6.169148582182466,3,0,0,0,Norte,0
6,162.3140283089941,9.180976119547903,1,0,0,0,Centro,0
14,253.44153975645204,5.5825410640131095,6,0,1,0,Centro,0
8,196.46115007643084,3.7534214079912793,1,0,1,0,Norte,0
27,168.32588670929619,4.79430315020632,2,0,1,0,Sur,0
8,159.79882097771062,4.210281612051889,3,1,1,0,Occidente,0
10,169.78630624842162,5.9358879003668,3,1,1,0,Centro,0
5,188.14916903113235,1.9715679287890218,4,4,0,0,Sur,0
22,127.67155146419043,4.278869572090156,2,4,1,1,Occidente,0
5,208.00125931341051,9.116366102154943,1,1,1,0,Sur,0
18,194.03834604044354,9.067860119127316,3,1,0,0,Centro,0
43,194.1365003997777,8.057830165550094,3,1,0,0,Sur,0
2,184.34665085834047,16.67683036698614,5,0,0,1,Norte,0
35,169.68658301928966,9.377769083935677,2,2,1,0,Centro,0
16,192.5501432588387,16.31495734593137,1,0,1,0,Centro,0
4,189.71349468094823,26.63337174206053,1,0,1,0,Norte,0
14,156.60857511706416,12.392120440582135,1,3,1,0,Centro,0
22,148.92393794860845,1.9814816109359539,2,2,0,0,Norte,0
6,172.56497033416954,8.295364174898996,2,1,1,1,Sur,0
18,223.21570530233157,7.42152125779252,4,2,1,1,Centro,0
37,125.63125235211346,18.69536604613225,3,0,0,0,Centro,0
8,117.6366156986646,6.10725740662459,3,0,1,0,Norte,0
5,174.76662944327808,3.3139433517779944,2,1,0,0,Norte,0
12,170.78106956496063,4.491804064002914,1,0,1,0,Centro,1
13,175.0669582529643,2.058757143544904,2,3,1,1,Occidente,0
28,177.5383619267975,23.880696083037527,2,4,1,0,Norte,0
11,161.18792108778183,6.764320795323252,3,1,1,0,Centro,0
9,221.14522035107288,2.26206090901183,1,0,0,0,Occidente,0
5,112.96836075332196,19.816856954380984,1,1,1,1,Norte,0
2,140.0026041326914,22.047569386436923,3,3,1,0,Occidente,0
3,165.38608339478336,7.613429017900869,2,1,1,0,Centro,0
3,111.48839160960415,1.872199368905567,3,2,1,0,Centro,0
10,162.8450958448775,4.584099870355067,3,1,1,0,Centro,0
3,227.15145580048062,5.600092062203802,4,0,0,1,Centro,0
12,169.73102709035865,6.9401859949366065,3,0,1,0,Centro,0
42,177.07453170015393,2.5526604988165893,2,2,1,0,Occidente,0
28,124.8942332189597,13.098201357080208,5,1,1,0,Sur,0
10,147.4273507186183,0.6334750615223349,3,1,0,1,Sur,0
48,155.86812668866222,14.574310354731738,4,0,0,0,Sur,0
13,157.8799716135318,16.694130236276905,2,3,0,0,Centro,0
15,213.8575328251319,4.969514678830895,5,1,1,0,Sur,0
11,188.51918712537935,6.340683548944595,3,0,1,0,Centro,1
12,130.09897150720388,18.101718577733482,3,1,1,0,Sur,0
8,177.62766724512016,10.723575980777172,3,0,1,1,Centro,0
10,186.4377611973875,5.116530463195179,4,0,0,0,Sur,0
35,208.90521634824432,5.624016230382077,3,0,1,0,Occidente,0
30,224.31892402989308,9.672238582742505,2,2,1,1,Centro,0
1,133.4717032860246,22.48446168674747,4,0,1,0,Norte,0
3,140.61998710763817,5.7649021499483,3,0,1,0,Centro,0
6,124.98477493798843,4.989228542229687,2,1,1,0,Centro,0
25,160.80930493125567,6.9029331360655295,2,1,1,0,Sur,0
31,185.3225431056217,6.934561862274606,4,0,1,0,Occidente,0
22,203.55670808061856,8.477449336042536,1,2,1,1,Centro,0
4,166.3417141725117,6.356579437737894,2,3,0,1,Centro,0
8,157.80533668608047,15.166965807282544,3,2,0,0,Sur,0
19,174.31152972870592,3.0866572759832547,1,1,0,0,Norte,0
11,139.7699984429492,9.173273819505594,1,0,1,0,Centro,0
9,242.13385525931707,9.435491264825583,6,0,0,0,Occidente,0
9,112.73186405086794,3.344527922709841,1,0,0,0,Sur,0
29,175.46592026135036,9.107146101827613,4,2,0,0,Norte,0
20,239.82621767303738,9.61441472841137,1,0,1,1,Norte,0
10,169.2379945595999,0.5,1,2,1,1,Sur,0
16,162.3486337749477,2.82000388715658,3,3,1,0,Sur,0
4,156.48941020163505,19.114769348358344,5,2,0,0,Sur,0
8,162.68629113831574,4.091053840754824,2,0,0,0,Centro,0
27,217.04969661367855,2.2564743980749364,3,0,1,1,Occidente,0
2,91.58483310346726,0.9760971854927272,4,0,0,0,Centro,0
20,222.67017954537138,2.5780545384253943,1,2,0,0,Sur,0
1,119.16149966424493,6.146687167816482,1,0,0,0,Centro,0
39,159.6671684767955,2.0969344628669635,2,3,1,1,Norte,0
8,153.97644528954683,10.823274480990849,2,1,1,1,Occidente,0
17,189.59936444197518,3.2899059647433817,1,1,0,0,Norte,1
14,113.06564768406884,8.525281522373007,1,1,0,1,Centro,0
14,185.176043312868,17.317383282013367,2,1,1,0,Sur,0
16,239.85083681503983,16.600480471603493,2,1,1,0,Sur,0
2,121.28890983925163,8.417933075973158,3,1,1,1,Sur,0
15,175.63971586636384,2.416357980892375,3,0,1,1,Centro,0
11,145.8306237771187,6.483370193287568,2,0,1,0,Centro,0
8,183.90605221675625,8.622129045422303,2,2,1,0,Occidente,0
6,169.6701722095513,29.86487271956929,3,2,1,1,Norte,0
15,146.54795818344917,0.9641031239157068,1,1,1,1,Occidente,0
5,186.0755299704876,6.501355831712638,2,2,0,1,Norte,0
27,232.152183842536,10.551635471463577,3,1,1,0,Sur,0
18,162.31836728954454,7.322651376829702,3,0,1,1,Norte,0
16,194.19152797518637,7.942472721783886,4,1,0,1,Centro,0
26,123.73544647450927,3.4726092704086,3,0,1,0,Occidente,0
1,135.5247268113697,12.941437588816067,1,1,1,1,Centro,0
4,185.53421972581322,6.9370171013015725,1,3,1,0,Sur,0
19,220.94406099875877,7.92094966142336,3,0,1,0,Sur,0
7,181.4464672074981,13.895588656625453,3,1,1,0,Sur,0
7,158.0429689316896,5.245448371664889,1,1,0,0,Occidente,0
3,168.9751991898174,15.99594357815714,2,0,1,0,Centro,0
5,125.23572931105988,2.0237433912855947,4,0,1,1,Norte,0
27,190.15803642243785,8.261003423066784,1,1,0,0,Norte,0
19,199.88165718131933,3.280327087536044,4,0,0,0,Norte,0
15,153.1768383508422,2.537361291518146,3,2,1,1,Norte,1
8,152.54852482841744,22.313173559920926,4,0,0,0,Centro,0
14,178.3057380378217,2.135762218547614,1,3,1,0,Norte,0
29,153.71480923857916,7.041430425557482,2,1,0,0,Norte,0
7,166.68535848809623,1.9695462599914924,6,0,0,0,Norte,0
12,242.49026262082805,15.335183589412367,4,3,1,0,Sur,0
41,160.35410047389013,4.822737420793023,3,0,0,1,Centro,0
22,156.45809467925721,13.84560842490393,1,3,1,0,Centro,1
8,146.33603680276943,10.298250925166219,1,0,1,1,Occidente,0
20,195.04671900249778,27.041136787331943,1,1,0,0,Norte,0
2,162.6571539373664,1.57359672838288,3,3,0,0,Occidente,0
12,146.2719436587501,2.797616310262274,1,1,1,0,Sur,0
20,215.24564112955542,13.33713264360668,4,1,0,0,Norte,0
17,218.6861051579773,8.557528353291625,3,1,1,0,Sur,0
20,147.98517519914532,5.559627477275479,1,1,1,0,Sur,0
23,103.67110170237844,23.842514358179884,3,0,0,0,Centro,0
18,204.26297914429227,6.670193350293245,3,1,1,0,Occidente,0
18,145.03795609839986,3.3959910765423493,1,2,0,0,Norte,0
15,196.6718959706969,13.960290495747003,3,1,0,0,Centro,0
4,100.04636638008574,6.843931802719342,3,0,0,0,Norte,0
27,200.24090684047582,7.2584893131414585,3,2,1,1,Norte,0
12,126.60898247517265,10.922791951589607,3,1,1,0,Norte,0
21,194.57674416732837,11.22540628848648,1,1,1,0,Occidente,0
25,169.49955737427518,2.7618063610383223,3,3,0,0,Norte,0
8,135.61212032111743,5.304321953578038,2,1,0,0,Centro,0
9,154.75372904756267,1.7933144376842902,1,1,1,1,Centro,0
10,193.02114599348454,8.651401359884124,3,1,1,0,Occidente,0
30,172.7063058590332,22.053052686543168,1,1,1,0,Occidente,0
6,189.45445431653695,2.8720356860147547,1,1,0,1,Sur,0
34,238.175420458042,1.4519153183339504,2,2,0,0,Occidente,0
15,114.2515435901132,3.90390006141045,1,1,1,0,Sur,0
16,225.60244012390183,5.5208575444061525,1,1,1,0,Occidente,0
24,172.65245781331245,11.295336710875135,2,2,1,0,Sur,0
14,137.5425583086905,5.064309814784424,3,0,1,1,Norte,0
27,122.43902309913535,8.766063256393217,1,0,1,1,Centro,0
8,162.38078632280383,4.415694023071731,2,1,1,0,Sur,0
33,201.25775391735607,5.7676281268677,4,1,1,1,Centro,0
9,164.5357807867863,3.2944275244100827,2,1,1,0,Centro,1
34,221.89042255865715,2.409889635456122,3,1,1,0,Centro,0
9,118.20885084819544,11.581659001046702,5,3,0,1,Occidente,0
10,168.5768868253881,4.678973808053576,4,0,0,0,Norte,0
5,125.16622944554084,9.237330653710304,1,3,1,0,Sur,0
6,181.72711589187386,3.2473580044391306,3,1,1,0,Sur,0
12,200.0410586534055,6.703804860012827,3,2,1,0,Occidente,0
15,154.27333722116313,0.6543122663622866,4,1,0,0,Occidente,0
26,80.0,4.974913813146821,2,1,0,0,Sur,0
11,175.9631851378773,3.569397889350717,1,1,1,0,Centro,0
17,184.28584931067283,14.91746450002279,1,2,0,0,Norte,0
15,183.1503164236594,2.052316432630484,3,0,0,1,Centro,0
19,212.2523767137754,5.959236361829422,2,1,1,1,Sur,0
7,131.5131212122833,8.57304421511763,3,1,1,0,Occidente,0
8,192.80756369076573,13.521003765635315,4,1,0,1,Sur,1
7,210.73776293672913,12.262034237303274,1,0,1,0,Norte,0
29,106.74943455977191,6.3381645703426495,2,0,1,0,Centro,0
34,180.1878139071642,7.050112147283784,1,1,1,0,Centro,0
8,151.3537059147315,14.908387547344953,3,3,1,0,Norte,0
8,166.1467064414424,6.243626577067342,3,0,0,0,Norte,0
20,181.16867692384176,7.632672749570335,2,1,0,0,Norte,0
36,151.94700025602566,15.242065030956196,1,1,0,0,Sur,0
41,145.3502172293436,29.49639413225098,4,1,1,0,Centro,0
7,170.19533461208087,8.129565234801081,2,1,0,1,Centro,0
9,130.94639213980193,9.81762938035456,1,1,1,0,Occidente,0
16,130.99612048901852,12.009159968895192,3,2,1,1,Centro,0
17,192.77806490347763,15.143515663111023,5,2,0,1,Norte,0
11,128.79220876944703,13.753256418803534,4,1,0,0,Centro,0
6,192.3209375318224,4.1285931193805805,5,1,1,0,Norte,0
12,185.19069524988828,8.535970622919578,4,2,1,0,Norte,0
41,108.59676449232911,13.818664960727176,1,1,0,1,Norte,0
8,145.28523716825208,17.333150448302444,2,0,0,0,Centro,0
15,210.79382910665802,5.96772909697631,1,5,1,0,Norte,0
48,134.65920641011115,8.384679352011362,2,2,0,0,Centro,0
8,152.74585081917144,9.10506680662009,4,2,1,0,Occidente,0
21,185.17213126381637,6.872452151280195,1,2,0,1,Centro,0
42,196.41866782489083,8.225626901774062,4,2,1,0,Occidente,0
20,160.19613898844264,35.0,4,3,0,1,Centro,0
28,148.08714318579254,5.772880509945753,2,1,1,0,Centro,0
23,218.78294515944776,6.132483508112445,3,2,0,0,Sur,0
19,229.86148823291526,1.2810845315380692,4,0,1,1,Norte,0
33,203.26003177736283,1.0425439739287332,2,5,0,0,Norte,0
21,171.98613498977585,9.575765658136225,1,1,0,1,Sur,0
11,140.71069974256758,13.857313817685286,3,2,1,0,Centro,0
14,139.93444577052023,12.151503587803887,5,1,1,0,Sur,0
17,187.2879936843015,3.239236323265732,2,0,1,0,Occidente,0
9,183.64393773110393,11.658708987538168,6,0,1,1,Centro,0
15,218.05595075312502,6.056021600712252,3,0,1,1,Centro,0
13,191.7657532387649,4.930254091846187,2,0,1,0,Centro,0
21,116.39218943840636,1.847239031994253,1,1,1,0,Occidente,0
48,205.81816662030215,3.615206377262693,2,0,1,0,Sur,0
16,134.06787804399553,9.737109759012846,1,2,0,0,Occidente,1
37,155.5610054816677,8.469596734769704,2,2,1,0,Centro,0
20,177.75700721880932,7.572727278332594,2,0,1,0,Sur,0
15,238.84836214243876,0.5597403715085463,1,3,0,1,Centro,0
9,277.8471494601876,7.631440491954321,6,1,1,0,Norte,0
15,190.2353070697664,4.075613871802715,1,0,0,1,Occidente,0
14,162.58811834478644,8.514672349080888,4,1,1,0,Norte,0
7,187.70769769681925,15.454801321431106,5,1,0,0,Occidente,0
8,200.06793990558427,4.609584669026322,6,1,0,1,Norte,0
17,157.7766331054983,7.215211801312064,1,1,1,0,Sur,0
36,231.8323974569313,23.74921067629877,4,1,1,1,Centro,0
12,177.05247657169906,8.203958371533716,3,0,1,1,Centro,0
3,186.4210081181988,6.552279047764008,1,2,1,0,Norte,0
5,192.30734882190615,3.287932715314747,5,1,1,0,Centro,0
22,183.75553137150595,11.885820187417151,2,1,0,0,Centro,0
3,198.36291751643643,2.7918683706136225,4,1,1,0,Sur,0
24,147.3961384708577,15.917626581350287,1,3,1,0,Norte,0
21,149.45943861188894,10.721985094355711,4,1,1,0,Norte,0
12,130.49460184599067,4.19962617500848,2,3,0,0,Norte,0
7,184.38254307170791,3.3889126557632587,1,4,1,0,Centro,1
10,196.262777622924,3.462792699360499,5,0,0,0,Sur,0
17,185.022050315316,1.0656563387278604,1,1,1,0,Occidente,0
4,227.6072351671638,9.410202565942312,3,1,1,0,Norte,0
34,168.80413934098337,0.6663504332687415,4,3,1,0,Centro,0
17,192.40595794573795,6.232008838726014,1,1,1,0,Sur,0
18,130.790469335124,5.920153682816078,1,1,0,0,Centro,0
21,155.45151041339597,5.117920569021099,3,1,1,0,Centro,0
32,193.34382151480222,9.363672652548008,1,2,1,0,Centro,0
15,198.71857387601003,4.208622046257965,2,2,0,1,Norte,0
22,158.7111568317536,7.6460634479390865,3,0,1,0,Norte,0
7,166.49402618496765,15.915505908882224,3,1,1,0,Norte,0
41,115.87441886617167,10.174846078708919,2,0,1,1,Sur,0
14,156.50397797176868,4.7557015293344795,2,2,1,1,Norte,0
7,200.16341072319253,6.707442618018771,4,0,1,0,Norte,0
9,189.13217556372982,5.122620245677195,4,1,0,0,Centro,0
1,186.52330024834234,5.853542104113202,1,2,1,0,Norte,0
9,170.7420790513336,7.822984998930859,3,0,1,0,Norte,0
1,169.24721055198617,1.7597776857554164,2,0,1,1,Occidente,0
23,145.88876011842936,1.3471166565943262,4,0,0,0,Norte,0
18,193.45899470708872,3.0374298790771883,1,0,0,1,Sur,0
5,183.73405305362866,9.686241769872995,1,1,0,0,Centro,0
12,186.22065967974797,10.653180599474918,4,2,1,1,Sur,0
13,150.5887805066347,11.791304908468796,2,0,1,0,Centro,0
4,93.63299780450645,3.1497451038285553,3,0,1,0,Norte,0
11,207.40034491137934,7.183860580444794,2,0,1,0,Sur,0
13,152.24068903970584,4.878767939104866,1,1,1,0,Centro,0
10,138.80284825849077,6.047927575285404,2,2,1,0,Sur,0
7,193.2717619169898,4.807483703985826,1,2,0,1,Centro,0
5,155.27955760283047,8.15623274484404,3,0,1,0,Occidente,0
10,206.09777344163177,3.770413944348054,1,1,1,1,Sur,0
8,190.5952082351844,14.732559770101851,1,1,1,0,Occidente,0
20,192.9249263120167,14.821868964918714,2,2,1,0,Centro,0
33,121.1915501079813,9.471191994177378,4,2,1,1,Centro,0
25,211.41803948852402,13.575936304662209,5,2,1,0,Sur,0
13,178.14376859318497,1.6876196893083504,1,2,1,0,Occidente,0
7,156.0753001263829,15.317820758572495,2,0,0,0,Occidente,0
24,174.01859635697878,8.826361545176532,2,1,1,0,Centro,0
21,106.8317668485588,3.970901206518732,4,3,1,1,Sur,0
32,183.30284840182347,3.632030465570842,1,1,0,0,Norte,0
15,132.9719972136275,18.9030944214299,5,1,1,0,Centro,0
40,121.6565399954763,11.923442115469472,1,1,1,1,Norte,0
15,115.7174284823738,5.921965575773575,3,0,0,0,Centro,0
7,207.9440931246474,1.666676728453511,3,4,1,0,Occidente,0
8,146.9757812207524,15.849046743735377,1,2,1,1,Norte,0
19,222.68046984707746,2.427988728962077,1,0,1,0,Sur,0
8,150.24694879316957,4.95172479852475,1,1,0,1,Centro,0
40,109.24247148424686,5.915485342248163,3,2,1,0,Norte,0
18,129.92164460179694,3.583331142745324,2,1,0,1,Centro,0
13,212.25340670024286,5.707722402978887,1,1,1,1,Centro,0
14,163.54356377221663,6.630352653715213,5,1,1,0,Norte,0
10,149.80994462282897,5.614096704062962,1,1,1,0,Sur,0
2,174.60063790484756,8.456556553933835,1,0,0,0,Occidente,0
8,186.56239576586407,19.370734799602648,3,0,0,0,Norte,0
37,208.10895855658612,1.7562115034096502,2,2,0,0,Norte,0
15,219.6974730462524,7.514978714330933,2,3,0,0,Centro,1
27,156.408097397382,2.453858651655588,4,0,1,0,Sur,0
27,122.58833098712866,1.5785707804814628,3,2,1,1,Centro,0
12,154.52871936068533,12.87429378314057,2,2,1,0,Norte,0
21,178.109817730401,8.00191942105113,1,3,1,0,Centro,0
2,135.26843758262862,1.4708787274894073,3,1,0,0,Occidente,0
35,135.4997179786735,5.703578097416379,4,1,0,0,Centro,0
33,181.03257585424598,3.0449874292922434,1,2,0,0,Centro,0
19,167.2971676950342,5.8640186298386565,2,2,1,0,Occidente,0
16,170.14789483940552,10.922805073901666,1,0,1,1,Sur,0
13,142.45266328549758,10.150260341283628,3,3,0,1,Sur,0
29,160.93597500279813,4.835969989324668,5,0,0,0,Centro,0
22,136.65183995060934,13.29207734839203,4,1,1,0,Occidente,0
9,200.15694438936754,16.761880818077614,1,0,1,0,Sur,0
4,205.23372671533133,11.050267288389703,3,2,1,0,Occidente,0
3,104.38342482166672,4.187502524736145,3,0,1,0,Sur,0
29,136.46711989326565,6.017339970870652,2,4,0,0,Sur,0
12,116.62147607184723,18.96521144858555,3,1,1,0,Centro,0
18,146.24916229575857,5.13815769121776,1,1,1,1,Centro,0
14,166.07967105733738,10.173055439523939,4,3,0,0,Sur,0
3,118.26241731055144,3.5398804226414113,1,0,1,0,Centro,0
2,136.73490654061405,13.356314475924485,2,1,1,0,Centro,0
9,133.86149197714755,3.1860860176686594,2,4,0,1,Norte,0
10,176.25435652896303,6.2252691127323825,1,1,1,1,Sur,0
10,171.42705179626876,9.91796751304481,4,1,0,0,Norte,0
10,143.73918563319614,21.572057580202458,2,1,0,0,Sur,0
48,175.18873052487893,7.892945375836104,4,1,1,0,Sur,0
27,149.86619703944572,5.400205970817038,2,3,0,0,Norte,0
15,159.49207113858813,5.076078786172307,5,0,1,0,Centro,0
12,227.57082316044878,12.956864382905128,2,2,1,0,Centro,0
12,215.9161368126622,9.351461669255205,1,1,0,0,Centro,0
22,123.51465670753409,10.770462125086187,1,0,1,0,Centro,0
12,198.0406346257711,18.079979413259053,2,7,1,0,Norte,0
25,197.39887940720573,6.981788071469041,2,2,1,1,Occidente,0
17,128.81078489365837,8.879668674449698,4,1,1,0,Norte,0
48,197.65721753142012,5.020083681932446,1,1,0,0,Sur,0
11,222.82761714443936,3.4200398881836054,3,0,1,0,Centro,0
28,129.7109317814455,4.03466178314352,4,2,1,0,Sur,0
5,136.88740126450077,0.5,5,0,1,0,Centro,0
7,204.6181513395226,9.846203002657193,2,0,0,0,Sur,0
44,178.50233587889767,9.131277756175018,4,0,1,0,Sur,0
24,188.3016696333833,9.69737413547313,2,1,0,0,Sur,0
19,180.9206225740174,3.2198525834688483,2,1,1,0,Norte,0
48,182.67435723248505,4.095283073210139,3,0,1,0,Sur,0
12,122.5734755091121,3.981650978915403,2,0,1,0,Centro,0
28,205.6561197317507,14.256920866526928,1,0,1,0,Norte,0
29,209.93564973497206,7.676393679028837,2,3,0,0,Centro,0
38,160.97132395761903,6.924549301772136,4,0,0,0,Centro,0
4,167.47830675651483,11.477243267846363,1,2,0,0,Centro,0
12,115.4112374105497,3.9932304414155237,3,2,0,0,Sur,0
17,186.99891646062423,8.72308587876693,3,1,0,1,Centro,0
37,189.02201045999504,23.427850597222463,2,1,1,1,Centro,0
18,166.82331440502412,15.799256323700304,3,1,1,0,Norte,0
29,208.3523675954676,8.627350561811385,4,1,0,1,Sur,0
4,157.30729691570207,7.124468430995838,2,4,1,0,Centro,0
10,188.76120740627601,9.63747873405496,1,1,1,1,Centro,0
33,133.31174814577597,17.281344801421703,1,1,1,0,Sur,0
11,168.17567471940166,16.468643976300324,3,1,1,0,Centro,0
13,162.89760097340076,19.23433278267773,7,2,0,0,Centro,0
37,176.88577727143294,8.001203764829304,2,1,1,0,Centro,0
6,156.06655749083245,0.6591354799083969,3,1,1,0,Sur,0
7,164.39845915149164,22.348760727153785,3,3,0,1,Sur,0
3,197.9116510004527,3.413272850614377,5,0,0,0,Centro,0
38,153.71325169666238,11.346153604825433,3,0,0,0,Norte,0
26,112.76980147414622,0.6781024020896614,2,0,0,1,Norte,0
26,230.23543664718972,6.814703407198728,1,0,1,0,Sur,0
10,217.35089275416703,5.145672692312818,2,1,1,0,Occidente,0
3,123.77080567130335,19.263269877672645,3,3,0,0,Centro,0
2,193.1397731835818,8.707849876351528,5,1,1,0,Norte,0
33,151.395883030703,6.760138875211439,3,0,1,0,Sur,0
20,178.22205253658709,9.417273905630369,2,1,0,0,Sur,0
22,179.2978445154723,0.5,2,3,0,0,Occidente,0
16,160.79572698892872,3.914284503350894,3,0,0,0,Sur,0
6,141.5682017044761,4.449754540534908,2,2,1,1,Occidente,0
10,144.8310631689309,10.501107295663,4,0,0,0,Norte,0
5,136.93328295815652,2.7641334533635,3,0,1,0,Norte,0
4,139.88622271193444,7.746177468990642,2,1,1,0,Norte,0
25,166.64875984827256,6.266643471506538,1,1,1,0,Sur,0
2,143.9484003811237,4.100973464590201,2,3,0,0,Norte,0
5,192.8718222999417,4.334732881065406,4,0,0,0,Centro,0
11,221.05361543675747,6.222033749068098,1,1,1,0,Centro,0
14,148.69813655204848,0.9474612135006116,1,2,1,0,Centro,0
3,177.3791575187382,11.587002548100305,1,1,1,0,Occidente,0
18,186.48897886060269,3.391699717104708,1,1,1,0,Norte,0
15,185.5200794821746,5.4130470387871545,2,1,1,0,Centro,0
32,171.65843437706306,18.79733029814877,3,1,1,0,Sur,0
14,194.99388464259027,11.725945104468927,3,0,1,0,Norte,0
19,185.878713343823,2.313953648326679,2,2,0,0,Sur,1
7,125.68181521854457,0.5,2,1,1,1,Sur,0
7,199.42046225362455,9.708331494253056,1,1,1,0,Occidente,0
4,200.05517930433598,5.58695396266533,3,2,1,0,Occidente,0
7,142.28498635374964,7.780923733481526,1,0,0,1,Centro,0
10,170.32782424066608,11.45529047803407,1,0,1,0,Centro,0
30,192.91651474838744,12.734016952461955,2,0,1,0,Norte,0
6,161.67401631472234,4.744634445717412,3,2,0,0,Centro,0
48,206.5542316718104,6.142228994086638,2,4,0,0,Norte,0
21,251.73553731167763,8.910931247845534,2,0,1,0,Centro,0
18,141.49048885777563,9.3371553400809,3,0,1,0,Occidente,0
13,120.66343888961788,7.724295067654743,1,0,1,0,Centro,0
11,179.63365084617064,17.42685055342472,2,1,0,0,Centro,0
8,194.254687679415,9.262139428738484,2,1,1,1,Centro,0
3,160.9196769154331,11.337328319434883,4,1,1,0,Centro,0
6,219.8641232162362,8.2152863427605,2,0,1,1,Occidente,0
38,122.14879700968629,2.7449299648388283,3,1,1,1,Centro,0
20,193.25215180610638,3.9034473849177598,5,1,1,1,Sur,0
38,147.79487127343873,2.218188515605618,3,0,1,1,Centro,0
8,229.17822671725537,13.724969013895082,3,1,0,0,Norte,0
5,238.73803736088414,1.4616886373011324,2,0,1,0,Centro,0
13,142.16701942758283,5.946029932357303,1,2,1,0,Sur,0
6,149.76550024319968,4.961850962773692,4,0,0,0,Norte,0
15,199.08557604429308,4.855615196792994,1,1,1,1,Norte,0
2,155.45042725736698,5.209717981650041,4,2,1,1,Norte,0
1,167.41060737237166,19.635409814880475,1,0,0,0,Sur,0
17,169.88859471898436,0.8658294745266184,4,4,0,0,Sur,0
39,101.81143953308202,15.988390307828107,2,0,1,0,Centro,0
18,168.5156788867017,5.5740851844914365,1,1,0,0,Centro,0
19,144.85952790775391,12.163610394938177,3,0,1,0,Occidente,0
14,151.74070121600798,7.087309112446762,3,1,0,0,Sur,0
15,219.5271201214085,2.45053927292716,1,2,1,1,Sur,0
3,125.02225870022603,17.02148948485838,4,3,0,0,Sur,0
7,197.4621815361792,15.291742982100258,1,0,0,1,Sur,0
30,159.2362974383867,2.631470113918644,1,1,1,0,Centro,0
10,159.2083941026458,10.238813429676819,2,2,1,1,Occidente,0
30,196.6630163618099,4.060875337974591,2,2,1,0,Occidente,0
14,180.90179530991117,1.5329715849058325,2,3,0,1,Norte,0
15,188.97145490268358,3.3993382992672347,4,0,1,0,Norte,0
10,202.88646311865014,16.36045520868558,2,4,1,0,Occidente,1
22,157.4042065885837,12.369915949368394,1,1,1,0,Centro,0
25,147.57171429222873,5.259719705137968,3,2,1,1,Occidente,0
6,131.01973157047706,16.41228235642944,4,2,1,0,Centro,0
3,140.11063145073658,14.508647903845944,4,3,1,0,Norte,0
1,272.21830488580537,3.4041709286435746,3,0,1,0,Norte,0
19,212.56378532578753,19.119728290736106,4,1,1,0,Norte,0
17,121.71239718271926,4.921421312011182,3,1,0,1,Norte,0
48,122.71397151397504,5.490272138337432,3,2,0,0,Centro,0
14,185.8653121601472,0.8947925718695781,2,0,0,0,Sur,0
12,188.15426790822883,3.9953596651292234,2,2,0,1,Occidente,0
16,188.21093423610776,5.982437867118159,2,1,0,1,Centro,0
16,160.07654722562057,8.38506434761578,4,1,1,1,Centro,0
11,164.6091008998985,2.4587657112453303,1,0,1,0,Centro,0
6,180.4757833455775,3.545196269777442,3,2,1,0,Centro,0
13,172.00625522026655,19.397991765920658,1,1,0,0,Centro,0
13,91.32448695383627,13.862307883846592,3,2,0,0,Norte,0
13,160.95701292986823,15.627752682987415,3,0,1,0,Norte,0
23,139.20077480088904,6.382044107236677,3,1,0,0,Norte,0
13,175.13239966179793,8.568588428527683,1,1,1,0,Norte,0
3,273.48406509111936,10.400477660436682,8,1,1,0,Sur,0
7,181.86185829160064,19.210744316194486,4,1,0,1,Norte,0
11,158.02646098396607,1.497032972866025,1,0,0,0,Occidente,0
13,201.26305256920384,4.346020641452883,2,0,1,0,Occidente,0
19,185.89407605232245,8.004984592129716,3,0,1,1,Occidente,0
14,183.70330716581444,7.121301327070057,1,1,1,0,Occidente,0
1,190.2397707625485,3.5056116703879736,3,3,1,0,Centro,0
4,240.97902476903397,9.772096571335608,2,1,0,1,Centro,0
20,129.41890476359293,4.492736305690494,1,2,1,1,Norte,0
11,185.57712268840092,6.733133171470444,1,0,0,0,Sur,0
14,136.57666045064616,9.46413874531525,2,1,0,0,Occidente,0
10,188.4429426219787,4.672254711254839,1,2,1,0,Occidente,1
7,136.8459720979867,11.663527729083349,1,0,1,0,Centro,0
10,154.39216152382204,13.167673095184654,4,2,0,0,Sur,1
15,158.67185300167327,3.6245117387466474,2,2,0,0,Norte,0
13,203.15358517706483,4.4659440688126555,2,0,0,0,Norte,0
25,201.14590553798448,2.818312070430884,2,1,0,0,Sur,0
3,125.39989182437654,6.618815685520963,2,2,0,0,Centro,0
3,170.92269388499471,8.380879707849898,1,2,1,0,Occidente,0
11,144.16470508377895,5.048176514826063,3,0,1,0,Norte,0
19,124.95232812636328,8.20983157958111,3,2,1,0,Occidente,0
22,161.40440323514704,4.367679123349713,5,1,1,0,Centro,0
8,158.20310240404632,4.4873882828096825,2,0,1,0,Sur,0
1,253.93507702209328,8.700619493047023,1,0,1,0,Sur,0
8,184.15359388762437,4.738359691095911,1,2,1,0,Occidente,0
17,120.78338747360169,6.34598465241813,1,1,0,0,Centro,0
13,149.232909854017,8.926554107166561,2,1,1,0,Occidente,0
20,204.74841534002894,8.122349952400397,3,1,1,0,Norte,0
29,242.09549705044736,4.4198304640124215,5,1,1,0,Norte,0
11,113.49058407167146,14.090141181089306,2,1,1,0,Centro,0
9,103.20264652013343,10.072603015453241,2,0,1,0,Sur,0
6,234.48378113801238,8.005725622591626,5,3,1,0,Centro,0
3,182.63649620798162,2.472897429952065,2,2,0,0,Sur,0
2,138.60975438432718,7.253914313318246,2,1,1,0,Sur,0
7,187.71201801428523,3.92722263317355,1,2,1,1,Norte,0
27,80.0,9.55730684261339,3,0,0,0,Occidente,0
21,169.11814273090064,0.5,4,2,1,0,Norte,0
8,180.473741049508,5.4286101864595535,5,2,1,1,Occidente,0
48,201.34945488382405,4.256319325414069,1,2,0,1,Centro,0
8,133.51364166976117,11.693734617789033,1,3,1,0,Centro,0
31,171.99905064911758,0.936961174953767,5,3,0,0,Centro,0
36,136.61013808791444,6.90435374295991,3,0,1,0,Norte,0
18,177.9384314486011,9.985530062536078,2,0,1,0,Centro,0
7,137.66287871729415,21.584985596900907,5,0,0,0,Norte,0
9,154.7164706293923,4.475470908446108,3,0,1,0,Norte,0
15,134.146461182342,8.486447881623487,2,3,1,0,Norte,0
3,191.78976846382798,1.0165511517867543,3,3,1,0,Centro,1
5,199.04578908298328,6.6379946364947555,1,2,1,0,Sur,0
5,160.78828005149052,14.79217042930264,3,1,1,1,Centro,0
19,170.338329823601,21.722825049861598,7,0,1,1,Occidente,0
29,118.29930048782596,9.077371613194789,2,1,1,0,Sur,0
22,158.51131731976244,1.4000562222030632,1,0,0,0,Sur,0
26,167.24283840353894,16.402770714608213,1,4,1,0,Sur,0
6,260.72775818604913,1.4144221509669705,2,3,0,0,Centro,0
10,130.08115409790426,2.2425092706929526,1,4,1,1,Sur,1
10,220.24620335633531,17.339583125179548,3,2,1,1,Norte,0
18,203.8900570713033,6.270790386635147,4,2,0,0,Occidente,0
7,178.82227415715477,4.06088438734382,2,1,0,0,Sur,0
25,230.55171694682966,10.964708479134766,4,2,0,0,Norte,0
36,182.0236915412402,7.551580459168749,3,0,1,0,Sur,0
19,182.6205718483775,13.90423054405134,3,0,1,0,Norte,0
9,167.1407771443859,7.814801807049869,2,2,1,0,Norte,0
6,211.82491088465196,7.948633360774861,5,2,1,0,Norte,0
5,207.37642318338092,13.57059215264159,3,3,0,0,Sur,0
1,147.10129493763256,6.204223616285286,1,2,1,0,Sur,0
11,122.82634818904314,3.0527988491315217,2,1,1,1,Sur,0
10,161.895677691152,11.408213482583909,2,1,1,0,Norte,0
24,140.99865024608238,5.270679046432784,3,0,0,0,Centro,0
8,166.77663988846257,8.284505557368997,3,0,1,0,Sur,0
11,212.31033471394488,0.7594130889679945,3,0,1,0,Norte,0
16,152.99444207196234,6.0073316067041285,4,3,1,0,Sur,0
19,167.5011816540949,4.311370496122166,1,2,0,0,Norte,1
22,171.03079571829383,0.7279827915071164,3,2,1,1,Norte,0
15,198.69508087718495,6.157213108704093,2,2,1,0,Centro,0
3,90.35887331053881,6.321030267027174,2,0,0,0,Sur,0
17,147.76548968321464,8.72836887926584,3,0,1,0,Norte,0
7,176.39492922978155,14.62473797779069,2,1,1,1,Norte,0
30,211.00276347494014,13.060052101529525,1,1,0,1,Norte,0
13,151.7834143372828,4.571698041988939,4,2,1,0,Norte,0
15,103.32065528853441,7.6722667673583755,3,0,1,0,Norte,0
48,190.68990060881478,9.653117084631296,2,1,1,0,Centro,0
22,146.76231639110298,4.682303506711745,1,0,1,0,Sur,0
17,127.36166693183735,1.5645171037370984,2,0,0,0,Centro,0
11,147.14791136003717,5.647047122814172,1,2,1,0,Sur,0
4,162.54161248204525,15.040359464165446,3,1,0,0,Sur,0
11,147.83393674116255,1.48133539943604,2,1,1,0,Norte,0
6,91.80518800153258,2.765105058969331,1,2,0,0,Norte,0
39,200.39731689104963,3.3544284371653488,2,3,0,1,Occidente,0
17,213.6206264447553,2.795466238528016,1,1,1,0,Norte,0
29,191.8032696968827,10.998842665857138,5,1,1,0,Norte,0
7,129.18100153513143,3.913776056217428,3,3,1,0,Norte,0
6,161.94779631183687,11.205815158303034,3,2,0,0,Sur,0
21,168.77175396696896,6.898368132325188,1,1,1,0,Centro,0
6,189.95780363466685,1.1046973710510042,4,2,0,0,Occidente,1
9,192.39191710513282,4.768515615960445,6,2,1,0,Occidente,0
40,143.30391704275266,13.327224112999845,2,0,1,0,Centro,0
9,171.8698444744746,7.496716074833887,3,1,0,0,Centro,0
3,185.00481416153343,5.07536557079068,2,4,1,0,Centro,1
2,219.95378127513683,15.162156984682431,3,1,0,1,Norte,0
2,193.6577288938653,2.5091412259491728,2,1,1,0,Norte,0
31,196.61698405814315,4.039982142528229,1,0,1,0,Norte,0
8,171.93393197752764,12.482084425625914,3,2,1,0,Norte,0
48,218.36607008212263,10.840512716313558,2,2,1,1,Norte,0
36,183.34169785858242,2.307485280727128,1,0,0,0,Centro,0
46,138.86192314392503,9.419926241256,1,1,0,0,Occidente,0
26,218.1179489543817,3.8577562866847437,1,1,0,1,Centro,0
20,193.42661453886598,0.6799944292400414,3,1,1,0,Occidente,0
6,153.49345926050313,5.158489888775875,1,4,1,0,Centro,0
13,152.21774614102648,22.637976929989936,1,1,0,0,Centro,0
21,179.38014407992665,13.485057402154483,3,2,1,1,Centro,0
25,185.21146783436546,6.425025190185689,2,2,0,0,Norte,0
4,175.90522929709223,1.3795489648168398,1,1,0,0,Norte,0
11,179.895803570501,0.7111007033535629,1,2,1,0,Occidente,0
12,228.4985081101733,6.914941681600765,3,1,1,0,Occidente,0
12,206.504010328221,8.979442479447735,3,2,1,0,Norte,0
5,175.67224569427586,11.088815738851462,2,1,0,0,Norte,0
43,201.94587032686192,10.211007425426576,4,1,1,0,Centro,0
11,132.86166337653611,10.832360242763315,1,1,0,0,Norte,0
5,182.92744674813832,8.199465988237886,1,0,0,0,Centro,0
43,232.32572224065885,14.941732261014637,2,1,1,1,Norte,0
36,161.3683936612669,4.3040386773846935,1,5,1,0,Centro,0
14,139.33281249833203,6.835419955583747,1,3,0,1,Centro,0
9,146.17688889924287,1.1101367235996946,3,4,0,0,Centro,0
2,130.8628436930164,4.225784678919433,5,1,1,0,Norte,0
19,141.53333321553038,13.233392356995292,1,1,0,0,Centro,0
8,156.032216549349,10.589997526718147,3,2,1,0,Occidente,0
13,119.80515432874753,0.5,4,0,1,1,Centro,0
41,169.5466416882361,23.74913374156584,2,1,0,1,Occidente,0
8,200.57970108253267,7.511435838060354,1,0,1,0,Sur,0
18,137.2285336948578,7.618525114507048,3,1,1,0,Occidente,0
22,222.17493732746192,3.9959986133261802,2,2,0,0,Sur,0
30,186.87772309846582,4.788974587353252,4,1,1,0,Sur,0
12,205.07032049684202,7.44847659660869,3,4,0,0,Occidente,1
11,145.9757906151752,10.168916647175466,4,0,1,0,Norte,0
11,198.90838294733155,8.485729787807431,4,1,0,0,Centro,0
17,130.78231348616404,4.276729984430484,2,2,1,0,Occidente,0
35,200.15866252927782,3.0133877676564915,2,1,1,1,Sur,0
10,175.01437689277358,2.8242682615391095,1,1,0,1,Occidente,0
1,188.36379269946744,13.943994468434918,5,1,1,0,Sur,0
24,127.8541888031302,12.816503678556977,1,0,0,1,Occidente,0
14,137.67255552031884,9.513001245993864,4,2,1,0,Sur,0
19,189.90298763886847,13.87547544942321,3,1,1,0,Sur,0
2,135.807819852153,6.0409351441301355,2,2,0,0,Centro,0
8,185.2122202234693,12.065927384355918,2,2,1,0,Occidente,0
23,121.1501767738914,9.8681767616266,2,0,1,0,Sur,0
4,198.68609744333338,12.291933508487858,5,1,0,1,Sur,0
18,125.86168398310218,2.5585586903216866,1,1,1,1,Sur,0
12,188.33049781878333,8.113611283944897,3,2,1,0,Centro,0
7,190.89708267761003,5.014059064288167,1,0,1,1,Norte,0
6,144.61298635496487,0.5198510597886101,1,1,0,0,Occidente,0
5,189.37092984796544,15.477977569595254,6,1,1,0,Centro,0
13,178.11547921667446,12.841119407822326,7,2,1,0,Centro,0
15,150.14053503325417,8.644585488222983,1,2,1,0,Norte,0
9,133.7005860573327,3.1880352923169513,4,3,1,0,Sur,0
5,100.30810079145974,1.050383417908628,1,1,0,0,Sur,0
18,181.2377516554893,0.5085107576333826,2,2,1,0,Sur,0
25,114.23190300232807,4.19898496887948,2,0,1,0,Sur,0
20,172.3370469804458,10.944394762312236,2,1,1,0,Centro,0
47,159.7793124371213,5.057964944348097,1,2,0,0,Centro,0
11,192.76999714033684,9.597274952008163,3,1,1,0,Norte,0
33,158.42840751785477,9.941987191584678,3,1,1,0,Sur,0
7,157.4693274778518,10.832430529542572,4,0,1,0,Norte,0
6,194.61547465009033,0.8329963912507725,4,0,1,1,Sur,0
14,180.7270310179441,3.457282730685551,1,1,1,0,Centro,0
38,180.06545850139725,9.470124945517181,2,0,1,0,Centro,0
10,185.42436564329842,17.767257845777973,4,0,1,0,Occidente,0
2,115.2549756877513,14.54025393252757,2,0,0,0,Norte,0
24,195.48760379954436,8.318454098243143,5,3,1,0,Sur,0
12,190.43640779047607,15.589138754529696,1,0,0,0,Norte,0
16,133.4160904998226,8.271565570707846,1,1,1,1,Norte,0
6,160.45718342140296,1.4356933714658777,2,1,1,0,Centro,1
14,167.6242449330329,10.703204758982316,4,2,1,0,Norte,0
3,164.29261254593936,14.880934742411627,2,2,0,0,Sur,0
43,180.68509882989872,21.502753530100545,5,2,1,0,Centro,0
27,219.09783736409142,4.0976418177692056,1,0,0,0,Norte,0
14,206.861835468549,2.3005589619024875,2,1,0,0,Norte,0
24,123.07232822990078,12.090464311921233,2,1,0,1,Sur,0
7,190.77244966071171,9.064532316191837,6,1,1,0,Sur,0
27,215.51266618373933,8.478728175651032,3,1,1,1,Centro,0
10,182.5382982241221,15.73666750789891,2,0,1,0,Centro,0
9,207.18431488150884,12.057652392471716,1,0,1,0,Sur,0
5,239.4294655995268,9.689210403519493,1,1,0,0,Sur,0
18,204.82983411374434,4.557511213241163,2,1,1,0,Norte,0
13,177.7258008474605,11.386431353318,3,0,0,1,Sur,0
33,205.57809659296638,2.2050962218043897,2,1,0,0,Sur,0
5,174.07107415839118,8.254138856627927,1,4,0,0,Sur,0
18,169.83660651497345,6.49300763391838,4,2,1,1,Sur,0
29,156.70050175001936,1.3569475393762238,3,1,1,1,Occidente,0
15,223.71946755912379,9.083678990285897,3,0,1,1,Norte,0
10,140.35499669202994,4.105469684905401,2,1,1,1,Occidente,0
15,222.63287036373407,8.924183839486703,1,1,1,0,Centro,0
32,186.49524433091298,2.843627673755621,5,1,0,1,Sur,0
32,120.02428388193205,12.141399022418247,1,1,1,0,Norte,0
12,181.86772525469976,19.621644916366964,4,2,1,1,Centro,0
31,95.49907223219316,2.2059201015882968,1,1,1,1,Sur,0
13,190.89278058908624,2.840089983533708,5,0,1,0,Sur,0
24,199.9831019046147,1.8374640773490596,2,2,1,1,Norte,0
19,148.26754155217813,5.621200094523712,3,0,0,0,Centro,1
9,173.32416935844537,8.824106316675586,5,2,1,0,Norte,0
5,237.39551018126002,10.905697925427384,1,2,1,0,Occidente,0
30,151.29886535083222,8.13452727065545,3,0,0,1,Occidente,0
36,131.938234453019,10.672868282344728,1,2,1,0,Norte,0
17,220.85821908619096,6.314011225659845,3,0,1,0,Occidente,0
13,237.69055166857783,4.063780128497448,1,2,0,0,Occidente,0
4,169.12934851467466,2.9084083233608693,4,0,1,1,Centro,0
29,204.40120623929246,5.789462772678621,1,4,1,0,Sur,0
16,215.95165704358084,2.9766164624355635,3,1,0,1,Centro,0
10,143.01305186115655,8.632135484042237,2,0,0,1,Sur,0
24,152.01429576212462,3.0220377759621244,2,2,0,0,Centro,0
3,212.08060796041573,4.451996955680788,5,2,1,0,Centro,0
5,227.97549975479782,13.895714982499596,7,0,1,0,Centro,0
7,188.70083010610242,14.806366712919402,5,3,1,1,Norte,0
19,138.2064976274281,14.493588831107571,4,2,0,1,Sur,0
15,238.54713890948045,6.396167577246077,4,0,0,0,Centro,0
21,150.41601857658125,4.20698866356421,2,2,0,1,Centro,0
28,157.2701776589992,9.6018089988405,4,1,1,0,Occidente,0
21,180.98182420713675,3.0814062386560437,3,1,1,0,Centro,0
44,223.39561472501708,11.282668262043085,1,3,1,1,Centro,0
28,198.88915917932783,3.8864591402554223,2,0,0,0,Occidente,0
12,183.52029251266686,5.599112999426245,6,3,1,1,Occidente,0
8,185.21509855413373,11.457992448275954,4,2,1,0,Norte,0
12,170.52301340252131,0.9913766774334867,1,1,0,1,Centro,0
22,188.53488300814772,4.032100408911875,2,2,1,0,Occidente,0
9,80.46539728069939,8.766997783922458,1,2,0,0,Centro,0
22,158.61873893255705,10.162176216537006,1,1,0,1,Centro,0
20,177.44626772208733,9.019414264768518,3,1,0,0,Norte,0
5,128.71450707331726,5.543204028063303,2,1,1,0,Norte,0
27,182.5213161234046,12.265980262199259,4,0,1,1,Sur,0
17,161.84350726548575,2.8185726908602247,3,1,0,0,Sur,0
42,230.44164944104216,2.7053814187091008,3,2,0,1,Occidente,0
13,224.05569038252,8.70486550850241,6,2,1,0,Sur,0
10,152.6968050808643,2.526645771163909,2,3,1,0,Norte,0
5,163.72068009516568,20.06683699165245,6,0,1,1,Norte,0
5,166.41183520370626,4.132742609012147,1,1,0,0,Occidente,0
25,153.1919183344132,12.108822630141336,4,1,0,0,Centro,0
39,175.82587444098445,2.120593974795018,1,2,0,0,Centro,0
12,142.46012758893434,17.328278189420352,4,2,0,1,Occidente,0
11,129.42846327718658,6.740000417430831,4,3,1,0,Centro,0
14,190.7948928365094,4.036741828322108,4,1,1,0,Norte,0
29,191.03353544776337,5.237971843898105,1,1,1,0,Occidente,0
5,140.84894841190027,3.49742811153485,4,3,1,0,Occidente,0
15,200.337440076691,5.586846853465634,4,1,0,0,Norte,0
26,146.8947794792134,2.248753111641137,1,1,0,0,Occidente,0
19,177.86078333132934,4.14870357673977,2,2,1,0,Centro,0
1,197.71204044143596,11.949232233862691,2,1,0,0,Centro,0
21,167.82356023537005,7.807923870260858,2,2,0,0,Occidente,0
19,184.9159319249397,2.765451824047063,4,0,1,0,Occidente,0
33,150.924962463935,5.740980058999683,1,1,0,0,Centro,0
37,162.1236695800166,14.920802198215467,2,1,0,1,Norte,0
32,161.7949199191881,4.56357695131534,2,0,1,0,Norte,0
14,142.86975787109165,2.500635454201479,3,1,1,0,Centro,0
2,162.8129042909476,9.90093160520791,2,1,0,0,Norte,0
11,114.79835953976887,0.5651975650168337,1,0,0,0,Centro,0
13,151.80961885002634,5.3336886409588695,3,3,1,1,Norte,0
39,159.02935773206153,15.80503419049182,5,2,0,1,Centro,0
7,160.0337086626617,5.612480764170885,4,2,1,0,Norte,0
3,160.54758939452273,12.774146800567735,4,2,0,0,Sur,0
9,166.83825300489548,2.4677472628681536,3,1,0,0,Norte,0
7,185.78045313301223,5.440617791683894,2,2,1,0,Centro,0
